{
  "finding": {
    "class": "reversal",
    "title": "College Enrollment Gender Gap changes direction across development strata for Birth Rate",
    "variables": {
      "source": {
        "code": "GER.5T8.GPIA",
        "label": "College Enrollment Gender Gap"
      },
      "mediator": null,
      "target": {
        "code": "wdi_birth",
        "label": "Birth Rate"
      }
    },
    "edge_type": "threshold",
    "availability": {
      "years_active": "35/35",
      "graphs_active": "140/140"
    },
    "stratum_betas": {
      "unified": {
        "beta": -0.6740267225215214,
        "ci_lower": -0.7040712119067075,
        "ci_upper": -0.6430866643415515,
        "years_active": 35,
        "pos_years": 0,
        "neg_years": 35
      },
      "developing": {
        "beta": -0.66474586023363,
        "ci_lower": -0.7122052471437128,
        "ci_upper": -0.6161043893373037,
        "years_active": 35,
        "pos_years": 0,
        "neg_years": 35
      },
      "emerging": {
        "beta": -0.5536414415678012,
        "ci_lower": -0.6494623533238985,
        "ci_upper": -0.45873028275439826,
        "years_active": 35,
        "pos_years": 0,
        "neg_years": 35
      },
      "advanced": {
        "beta": 0.25514157104566765,
        "ci_lower": 0.12820724245759132,
        "ci_upper": 0.360587820055119,
        "years_active": 35,
        "pos_years": 34,
        "neg_years": 1
      }
    },
    "temporal_profile": {
      "unified": {
        "1990s": {
          "mean": -0.6425983755502844,
          "pos": 0,
          "neg": 10,
          "count": 10
        },
        "2000s": {
          "mean": -0.6694492699520331,
          "pos": 0,
          "neg": 10,
          "count": 10
        },
        "2010s": {
          "mean": -0.6956499148068953,
          "pos": 0,
          "neg": 10,
          "count": 10
        },
        "2020s": {
          "mean": -0.7027919370322238,
          "pos": 0,
          "neg": 5,
          "count": 5
        }
      },
      "developing": {
        "1990s": {
          "mean": -0.6944049979439315,
          "pos": 0,
          "neg": 10,
          "count": 10
        },
        "2000s": {
          "mean": -0.6802324539616823,
          "pos": 0,
          "neg": 10,
          "count": 10
        },
        "2010s": {
          "mean": -0.6342876244113318,
          "pos": 0,
          "neg": 10,
          "count": 10
        },
        "2020s": {
          "mean": -0.6353708690015188,
          "pos": 0,
          "neg": 5,
          "count": 5
        }
      },
      "emerging": {
        "1990s": {
          "mean": -0.5197737446259028,
          "pos": 0,
          "neg": 10,
          "count": 10
        },
        "2000s": {
          "mean": -0.5041002109903214,
          "pos": 0,
          "neg": 10,
          "count": 10
        },
        "2010s": {
          "mean": -0.6003674647949041,
          "pos": 0,
          "neg": 10,
          "count": 10
        },
        "2020s": {
          "mean": -0.6270072501523509,
          "pos": 0,
          "neg": 5,
          "count": 5
        }
      },
      "advanced": {
        "1990s": {
          "mean": 0.35441062415273566,
          "pos": 9,
          "neg": 1,
          "count": 10
        },
        "2000s": {
          "mean": 0.29483114362590335,
          "pos": 10,
          "neg": 0,
          "count": 10
        },
        "2010s": {
          "mean": 0.18393095167956114,
          "pos": 10,
          "neg": 0,
          "count": 10
        },
        "2020s": {
          "mean": 0.11964555840327333,
          "pos": 5,
          "neg": 0,
          "count": 5
        }
      }
    },
    "directionality": {
      "reversal": true,
      "reverse_edge_presence": "0/140",
      "beta_spread": 0.929168293567189
    },
    "nonlinearity": {
      "threshold": null,
      "beta_low": null,
      "beta_high": null,
      "flip_years": 0
    },
    "caveats": [
      "Sign reversal is based on mean yearly beta by stratum; some decades may still show mixed signs."
    ],
    "plain_language": "College Enrollment Gender Gap is associated with opposite directional effects on Birth Rate depending on development stage.",
    "academic_summary": "Edge GER.5T8.GPIA->wdi_birth exhibits cross-strata sign heterogeneity with means {'unified': -0.6740267225215214, 'developing': -0.66474586023363, 'emerging': -0.5536414415678012, 'advanced': 0.25514157104566765}.",
    "confidence": "medium",
    "_score_inputs": {
      "graphs_active": 140,
      "years_active": 35,
      "beta_magnitude": 0.929168293567189,
      "ci_coverage": 1.0,
      "reversal_strength": 0.929168293567189,
      "class": "reversal",
      "decade_consistency": 0.9375
    },
    "scores": {
      "robustness": 1.0,
      "public_clarity": 0.7857142857142857,
      "academic_weight": 0.9003477645223964,
      "class_diversity_bonus": 0.5876412187606984,
      "total": 0.8291401029636308
    },
    "finding_id": "F02",
    "lineage": {
      "v2_v21_status": "confirmed_same_edge",
      "notes": "GER.5T8.GPIA->wdi_birth: Exact source/target codes found in v2.1 edge set.",
      "edge_statuses": [
        {
          "source": "GER.5T8.GPIA",
          "target": "wdi_birth",
          "status": "confirmed_same_edge"
        }
      ]
    },
    "uncertainty_flags": [
      "cross_strata_sign_instability"
    ],
    "public_rank": 1
  },
  "schema_reference": {
    "finding_id": "F01",
    "title": "...",
    "class": "mediation|reversal|threshold|hub|outcome_surprise",
    "variables": {
      "source": {
        "code": "...",
        "label": "..."
      },
      "mediator": {
        "code": "...",
        "label": "..."
      },
      "target": {
        "code": "...",
        "label": "..."
      }
    },
    "edge_type": "linear|threshold|quadratic|logarithmic|saturation|mixed",
    "availability": {
      "years_active": "X/35",
      "graphs_active": "X/140"
    },
    "stratum_betas": {
      "unified": {
        "beta": 0.0,
        "ci_lower": 0.0,
        "ci_upper": 0.0
      },
      "developing": {
        "beta": 0.0,
        "ci_lower": 0.0,
        "ci_upper": 0.0
      },
      "emerging": {
        "beta": 0.0,
        "ci_lower": 0.0,
        "ci_upper": 0.0
      },
      "advanced": {
        "beta": 0.0,
        "ci_lower": 0.0,
        "ci_upper": 0.0
      }
    },
    "temporal_profile": {
      "1990s": "...",
      "2000s": "...",
      "2010s": "...",
      "2020s": "..."
    },
    "directionality": {
      "reversal": true,
      "reverse_edge_presence": "X/140"
    },
    "nonlinearity": {
      "threshold": null,
      "beta_low": null,
      "beta_high": null,
      "flip_years": 0
    },
    "lineage": {
      "v2_v21_status": "...",
      "notes": "..."
    },
    "caveats": [
      "..."
    ],
    "plain_language": "...",
    "academic_summary": "...",
    "confidence": "high|medium|low"
  }
}