{
  "finding": {
    "class": "reversal",
    "title": "Household Income Distribution Index changes direction across development strata for Armed Conflict Minimum Severity",
    "variables": {
      "source": {
        "code": "gdiincj992",
        "label": "Household Income Distribution Index"
      },
      "mediator": null,
      "target": {
        "code": "warc_wmin",
        "label": "Armed Conflict Minimum Severity"
      }
    },
    "edge_type": "threshold",
    "availability": {
      "years_active": "35/35",
      "graphs_active": "140/140"
    },
    "stratum_betas": {
      "unified": {
        "beta": -0.1292292491448033,
        "ci_lower": -0.1843599655818841,
        "ci_upper": -0.07441171943290727,
        "years_active": 35,
        "pos_years": 0,
        "neg_years": 35
      },
      "developing": {
        "beta": 0.32483094946480084,
        "ci_lower": 0.25843699051967783,
        "ci_upper": 0.39439178669058383,
        "years_active": 35,
        "pos_years": 35,
        "neg_years": 0
      },
      "emerging": {
        "beta": 0.19361382074439323,
        "ci_lower": 0.09472001477487495,
        "ci_upper": 0.2923989126162696,
        "years_active": 35,
        "pos_years": 33,
        "neg_years": 2
      },
      "advanced": {
        "beta": -0.5532038770634078,
        "ci_lower": -0.6312476908616622,
        "ci_upper": -0.47887522627788853,
        "years_active": 35,
        "pos_years": 0,
        "neg_years": 35
      }
    },
    "temporal_profile": {
      "unified": {
        "1990s": {
          "mean": -0.05198273140455807,
          "pos": 0,
          "neg": 10,
          "count": 10
        },
        "2000s": {
          "mean": -0.12771893591184896,
          "pos": 0,
          "neg": 10,
          "count": 10
        },
        "2010s": {
          "mean": -0.17411008321040738,
          "pos": 0,
          "neg": 10,
          "count": 10
        },
        "2020s": {
          "mean": -0.19698124295999417,
          "pos": 0,
          "neg": 5,
          "count": 5
        }
      },
      "developing": {
        "1990s": {
          "mean": 0.3620881421562959,
          "pos": 10,
          "neg": 0,
          "count": 10
        },
        "2000s": {
          "mean": 0.31441176820708067,
          "pos": 10,
          "neg": 0,
          "count": 10
        },
        "2010s": {
          "mean": 0.31250388733862866,
          "pos": 10,
          "neg": 0,
          "count": 10
        },
        "2020s": {
          "mean": 0.2958090508495956,
          "pos": 5,
          "neg": 0,
          "count": 5
        }
      },
      "emerging": {
        "1990s": {
          "mean": 0.08981424763521734,
          "pos": 8,
          "neg": 2,
          "count": 10
        },
        "2000s": {
          "mean": 0.22581910392673565,
          "pos": 10,
          "neg": 0,
          "count": 10
        },
        "2010s": {
          "mean": 0.2563094177328032,
          "pos": 10,
          "neg": 0,
          "count": 10
        },
        "2020s": {
          "mean": 0.21141120662124036,
          "pos": 5,
          "neg": 0,
          "count": 5
        }
      },
      "advanced": {
        "1990s": {
          "mean": -0.6808215324321095,
          "pos": 0,
          "neg": 10,
          "count": 10
        },
        "2000s": {
          "mean": -0.5875786118845259,
          "pos": 0,
          "neg": 10,
          "count": 10
        },
        "2010s": {
          "mean": -0.47271738586966805,
          "pos": 0,
          "neg": 10,
          "count": 10
        },
        "2020s": {
          "mean": -0.39019207907124753,
          "pos": 0,
          "neg": 5,
          "count": 5
        }
      }
    },
    "directionality": {
      "reversal": true,
      "reverse_edge_presence": "0/140",
      "beta_spread": 0.8780348265282086
    },
    "nonlinearity": {
      "threshold": null,
      "beta_low": null,
      "beta_high": null,
      "flip_years": 0
    },
    "caveats": [
      "Sign reversal is based on mean yearly beta by stratum; some decades may still show mixed signs."
    ],
    "plain_language": "Household Income Distribution Index is associated with opposite directional effects on Armed Conflict Minimum Severity depending on development stage.",
    "academic_summary": "Edge gdiincj992->warc_wmin exhibits cross-strata sign heterogeneity with means {'unified': -0.1292292491448033, 'developing': 0.32483094946480084, 'emerging': 0.19361382074439323, 'advanced': -0.5532038770634078}.",
    "confidence": "medium",
    "_score_inputs": {
      "graphs_active": 140,
      "years_active": 35,
      "beta_magnitude": 0.8780348265282086,
      "ci_coverage": 1.0,
      "reversal_strength": 0.8780348265282086,
      "class": "reversal",
      "decade_consistency": 0.9375
    },
    "scores": {
      "robustness": 1.0,
      "public_clarity": 0.7142857142857143,
      "academic_weight": 0.8833032755094029,
      "class_diversity_bonus": 0.5876412187606984,
      "total": 0.8105932664246682
    },
    "finding_id": "F03",
    "lineage": {
      "v2_v21_status": "confirmed_same_edge",
      "notes": "gdiincj992->warc_wmin: Exact source/target codes found in v2.1 edge set.",
      "edge_statuses": [
        {
          "source": "gdiincj992",
          "target": "warc_wmin",
          "status": "confirmed_same_edge"
        }
      ]
    },
    "uncertainty_flags": [
      "cross_strata_sign_instability"
    ]
  },
  "schema_reference": {
    "finding_id": "F01",
    "title": "...",
    "class": "mediation|reversal|threshold|hub|outcome_surprise",
    "variables": {
      "source": {
        "code": "...",
        "label": "..."
      },
      "mediator": {
        "code": "...",
        "label": "..."
      },
      "target": {
        "code": "...",
        "label": "..."
      }
    },
    "edge_type": "linear|threshold|quadratic|logarithmic|saturation|mixed",
    "availability": {
      "years_active": "X/35",
      "graphs_active": "X/140"
    },
    "stratum_betas": {
      "unified": {
        "beta": 0.0,
        "ci_lower": 0.0,
        "ci_upper": 0.0
      },
      "developing": {
        "beta": 0.0,
        "ci_lower": 0.0,
        "ci_upper": 0.0
      },
      "emerging": {
        "beta": 0.0,
        "ci_lower": 0.0,
        "ci_upper": 0.0
      },
      "advanced": {
        "beta": 0.0,
        "ci_lower": 0.0,
        "ci_upper": 0.0
      }
    },
    "temporal_profile": {
      "1990s": "...",
      "2000s": "...",
      "2010s": "...",
      "2020s": "..."
    },
    "directionality": {
      "reversal": true,
      "reverse_edge_presence": "X/140"
    },
    "nonlinearity": {
      "threshold": null,
      "beta_low": null,
      "beta_high": null,
      "flip_years": 0
    },
    "lineage": {
      "v2_v21_status": "...",
      "notes": "..."
    },
    "caveats": [
      "..."
    ],
    "plain_language": "...",
    "academic_summary": "...",
    "confidence": "high|medium|low"
  }
}