{
  "finding": {
    "class": "reversal",
    "title": "Mixed Income Per Person changes direction across development strata for Child Soldiers - Warlord/Rebel Recruitment",
    "variables": {
      "source": {
        "code": "ygmxhni999",
        "label": "Mixed Income Per Person"
      },
      "mediator": null,
      "target": {
        "code": "chisols_warlord",
        "label": "Child Soldiers - Warlord/Rebel Recruitment"
      }
    },
    "edge_type": "threshold",
    "availability": {
      "years_active": "35/35",
      "graphs_active": "140/140"
    },
    "stratum_betas": {
      "unified": {
        "beta": 0.38662852276715237,
        "ci_lower": 0.3443501699501628,
        "ci_upper": 0.4308027308701787,
        "years_active": 35,
        "pos_years": 35,
        "neg_years": 0
      },
      "developing": {
        "beta": 0.2610213819301611,
        "ci_lower": 0.2013073944960752,
        "ci_upper": 0.3173665328218323,
        "years_active": 35,
        "pos_years": 35,
        "neg_years": 0
      },
      "emerging": {
        "beta": 0.26568440644032226,
        "ci_lower": 0.17487072346720378,
        "ci_upper": 0.36646799333245444,
        "years_active": 35,
        "pos_years": 35,
        "neg_years": 0
      },
      "advanced": {
        "beta": -0.4464661290746635,
        "ci_lower": -0.5798915753376589,
        "ci_upper": -0.34796984304569756,
        "years_active": 35,
        "pos_years": 0,
        "neg_years": 35
      }
    },
    "temporal_profile": {
      "unified": {
        "1990s": {
          "mean": 0.42098760853913547,
          "pos": 10,
          "neg": 0,
          "count": 10
        },
        "2000s": {
          "mean": 0.3901384091298521,
          "pos": 10,
          "neg": 0,
          "count": 10
        },
        "2010s": {
          "mean": 0.3641643658382349,
          "pos": 10,
          "neg": 0,
          "count": 10
        },
        "2020s": {
          "mean": 0.35581889235562153,
          "pos": 5,
          "neg": 0,
          "count": 5
        }
      },
      "developing": {
        "1990s": {
          "mean": 0.34507608063622686,
          "pos": 10,
          "neg": 0,
          "count": 10
        },
        "2000s": {
          "mean": 0.2415161866544057,
          "pos": 10,
          "neg": 0,
          "count": 10
        },
        "2010s": {
          "mean": 0.2287591774074925,
          "pos": 10,
          "neg": 0,
          "count": 10
        },
        "2020s": {
          "mean": 0.19644678411487773,
          "pos": 5,
          "neg": 0,
          "count": 5
        }
      },
      "emerging": {
        "1990s": {
          "mean": 0.5059312464841076,
          "pos": 10,
          "neg": 0,
          "count": 10
        },
        "2000s": {
          "mean": 0.22754343965968707,
          "pos": 10,
          "neg": 0,
          "count": 10
        },
        "2010s": {
          "mean": 0.15277062380254167,
          "pos": 10,
          "neg": 0,
          "count": 10
        },
        "2020s": {
          "mean": 0.08730022518958327,
          "pos": 5,
          "neg": 0,
          "count": 5
        }
      },
      "advanced": {
        "1990s": {
          "mean": -0.5090634003954448,
          "pos": 0,
          "neg": 10,
          "count": 10
        },
        "2000s": {
          "mean": -0.450584893528851,
          "pos": 0,
          "neg": 10,
          "count": 10
        },
        "2010s": {
          "mean": -0.4067656481626555,
          "pos": 0,
          "neg": 10,
          "count": 10
        },
        "2020s": {
          "mean": -0.3924350193487417,
          "pos": 0,
          "neg": 5,
          "count": 5
        }
      }
    },
    "directionality": {
      "reversal": true,
      "reverse_edge_presence": "0/140",
      "beta_spread": 0.8330946518418159
    },
    "nonlinearity": {
      "threshold": null,
      "beta_low": null,
      "beta_high": null,
      "flip_years": 0
    },
    "caveats": [
      "Sign reversal is based on mean yearly beta by stratum; some decades may still show mixed signs."
    ],
    "plain_language": "Mixed Income Per Person is associated with opposite directional effects on Child Soldiers - Warlord/Rebel Recruitment depending on development stage.",
    "academic_summary": "Edge ygmxhni999->chisols_warlord exhibits cross-strata sign heterogeneity with means {'unified': 0.38662852276715237, 'developing': 0.2610213819301611, 'emerging': 0.26568440644032226, 'advanced': -0.4464661290746635}.",
    "confidence": "medium",
    "_score_inputs": {
      "graphs_active": 140,
      "years_active": 35,
      "beta_magnitude": 0.8330946518418159,
      "ci_coverage": 1.0,
      "reversal_strength": 0.8330946518418159,
      "class": "reversal",
      "decade_consistency": 1.0
    },
    "scores": {
      "robustness": 1.0,
      "public_clarity": 0.6785714285714286,
      "academic_weight": 0.8776982172806053,
      "class_diversity_bonus": 0.5876412187606984,
      "total": 0.8020491447246116
    },
    "finding_id": "F05",
    "lineage": {
      "v2_v21_status": "confirmed_same_edge",
      "notes": "ygmxhni999->chisols_warlord: Exact source/target codes found in v2.1 edge set.",
      "edge_statuses": [
        {
          "source": "ygmxhni999",
          "target": "chisols_warlord",
          "status": "confirmed_same_edge"
        }
      ]
    },
    "uncertainty_flags": [
      "cross_strata_sign_instability"
    ]
  },
  "schema_reference": {
    "finding_id": "F01",
    "title": "...",
    "class": "mediation|reversal|threshold|hub|outcome_surprise",
    "variables": {
      "source": {
        "code": "...",
        "label": "..."
      },
      "mediator": {
        "code": "...",
        "label": "..."
      },
      "target": {
        "code": "...",
        "label": "..."
      }
    },
    "edge_type": "linear|threshold|quadratic|logarithmic|saturation|mixed",
    "availability": {
      "years_active": "X/35",
      "graphs_active": "X/140"
    },
    "stratum_betas": {
      "unified": {
        "beta": 0.0,
        "ci_lower": 0.0,
        "ci_upper": 0.0
      },
      "developing": {
        "beta": 0.0,
        "ci_lower": 0.0,
        "ci_upper": 0.0
      },
      "emerging": {
        "beta": 0.0,
        "ci_lower": 0.0,
        "ci_upper": 0.0
      },
      "advanced": {
        "beta": 0.0,
        "ci_lower": 0.0,
        "ci_upper": 0.0
      }
    },
    "temporal_profile": {
      "1990s": "...",
      "2000s": "...",
      "2010s": "...",
      "2020s": "..."
    },
    "directionality": {
      "reversal": true,
      "reverse_edge_presence": "X/140"
    },
    "nonlinearity": {
      "threshold": null,
      "beta_low": null,
      "beta_high": null,
      "flip_years": 0
    },
    "lineage": {
      "v2_v21_status": "...",
      "notes": "..."
    },
    "caveats": [
      "..."
    ],
    "plain_language": "...",
    "academic_summary": "...",
    "confidence": "high|medium|low"
  }
}